,Reaction,SYNGAS Selec,SYNGAS Yield,CO Selectivity,CO % Yield,H2 Selectivity,H2 % Yield,CH4 Conversion,H2O+CO2 Selectivity,H2O+CO2 yield,Exit Temp,Peak Temp,Dist to peak temp,O2 Conversion
0,[H][H] + 2 [Pt] <=> 2 [Pt],0.004158245149404386,-0.0062252535542976105,0.0052877992412484745,-0.005095816744812651,0.002716243928699069,-0.0076671050510455484,-0.010383066950315961,0.0063823122374903115,-0.004001417392574519,-0.000701549841808435,-0.0022624729909404106,0.0,3.330669073881137e-14
1,O=C=O + [Pt] <=> O=C=O.[Pt],-5.610979224729796e-07,-1.4761107253535802e-07,-1.2906622112686666e-06,-8.77175362183103e-07,3.7027188406741514e-07,7.83758736719058e-07,4.1348685412850533e-07,6.96971220417161e-07,1.110458076387593e-06,-5.857534906663923e-08,1.0178058146121942e-08,0.0,0.0
2,[C-]#[O+] + [Pt] <=> O=C=[Pt],0.001123178976305469,0.002479017155177456,0.0008309570190730406,0.0021867912359420406,0.0014962327521802282,0.0028520759890057813,0.0013558229505599556,-0.0037404004188996073,-0.002384628181553547,-0.0006931054298092908,-2.0375990326964613e-05,0.0,7.77156117238932e-14
3,[O][O] + 2 [Pt] <=> 2 O=[Pt],-0.06448394666005476,-0.050891036600537835,-0.05716871650015452,-0.043574811446378654,-0.07382265022128659,-0.060231010382449615,0.013601680960210092,0.03138283972818282,0.04498878928213231,0.005539765174909378,0.017583440350831335,0.16406890894175202,-8.659739592090956e-13
4,O=C=[Pt] + O=[Pt] <=> O=C=O.[Pt] + [Pt],-0.004581752165495901,-0.002992694468283837,-0.010328016816058973,-0.008739050434490475,0.0027539927096057785,0.0043431669813779085,0.0015891305072377546,0.009413578458720276,0.011002858560001435,0.0003749364603246647,0.0005626319956211133,0.0,2.2204460492540914e-14
5,C + 2 [Pt] <=> C[Pt] + [Pt],-0.019882604478555038,0.14069483731690843,-0.038168383074476626,0.12237969004626807,0.003461222299322167,0.1640761564691076,0.1606093751222748,-0.12276140673062587,0.03765080206340038,0.013279959663370514,0.016251073562143708,0.08203445447087601,-4.884981308359001e-13
6,C=[Pt] + [Pt] <=> C[Pt] + [Pt],0.006967174473166586,0.002772724367161322,0.004374751147663607,0.00018040977200409292,0.010276690703356108,0.006082101791025036,-0.004194157891701972,-0.006519645481923099,-0.010713529929397383,-0.004550236365102168,-0.0007967357325360332,-0.08203445447087601,4.329869796045478e-13
7,C#[Pt] + [Pt] <=> C=[Pt] + [Pt],-0.02145066737144884,0.1350019589301752,-0.03793824228431708,0.1184885832389017,-0.0004024472623801398,0.15608311659771035,0.156486193634511,-0.11370372040193913,0.042604542608497144,0.015759449715145073,0.016500631179583534,0.08203445447087601,-7.54951656746391e-13
8,C~[Pt] + O=[Pt] <=> O=C=[Pt] + [Pt],0.04048474084947391,0.033730690468892634,0.036183079284049374,0.029429319322303443,0.045976289481830857,0.039221868349406185,-0.006751317127332781,-0.04097944991365411,-0.04772800038837263,-0.011947079026321718,-0.0022356689661351755,0.0,1.3988810110300776e-12
9,C#[Pt] + [Pt] <=> C~[Pt] + [Pt],-0.021450717868024872,0.13500183043666264,-0.03793833504651127,0.11848841242649862,-0.00040244380218471644,0.15608304212900614,0.15648611569987814,-0.11370345937510035,0.04260472619778202,0.015759486865809615,0.016500646135279767,0.08203445447087601,-7.54951656746391e-13
10,C~[Pt] + [H][H] <=> C=[Pt],-1.2469035028926806e-07,1.9195423597313374e-07,-2.436799378091061e-07,7.29646596083342e-08,2.7213053616429876e-08,3.4385765766076234e-07,3.166445928319944e-07,-4.203591361328217e-07,-1.0371454422919363e-07,-1.2954601691888434e-07,-1.6469512134905205e-10,0.0,0.0
11,C + O=[Pt] + [Pt] <=> C[Pt] + O[Pt],0.035111048572067705,0.03310990503655314,0.037121430297290134,0.035120246545282875,0.032544573072825385,0.030543480878159654,-0.0020004411596462076,-0.05297741128462194,-0.05497679266232663,-0.012936860404797803,-0.008937827684359974,-0.3281378178835186,1.1990408665972093e-12
12,O=C=O.[Pt] + [Pt] <=> O=C=[Pt] + O[Pt],-0.10403655391936442,0.4764481539483312,-0.18229986765604145,0.39773006050640514,-0.004124743801609191,0.5769405408572532,0.581089253101818,-0.3994306179272269,0.17933758678020892,0.05121436560548554,0.07098807905078923,0.0,-2.1538326677764686e-12
13,[Pt] + O=[Pt] <=> O[Pt] + [Pt],0.004499565730946739,0.020347889574375073,0.0029837050547085694,0.018831788670450662,0.006434730200967832,0.02228336072172703,0.015847610769771907,-0.011687104851476005,0.00415865379140222,0.003687008845335536,-0.001305386798190522,0.08203445447087601,-2.4424906541795005e-13
14,C + O[Pt] + [Pt] <=> C[Pt] + O.[Pt],0.006355331659865668,-0.0018774867854358147,0.006302751562201698,-0.00193006255454358,0.006422455992859489,-0.001810367978307794,-0.00823229525563486,0.00033064773225309577,-0.007901674743286055,-0.0022130567883544643,-0.0023115352469557883,0.0,1.8873791418659776e-13
15,O + [Pt] <=> O.[Pt],0.004096840575443135,-0.006255373568253789,0.005246303633757264,-0.005106029499930655,0.002629423348438171,-0.007722638891307743,-0.010351790047360834,0.006363981929281158,-0.003988466904122638,-0.0007010476370577682,-0.0022619095460806125,0.0,3.330669073881137e-14
16,O.[Pt] + O=[Pt] <=> 2 O[Pt],0.009241744523643982,-0.0003360219151879119,0.0173000512236434,0.007721513050347478,-0.0010455787500693737,-0.01062235998413637,-0.009576881367914033,-0.010586948955622899,-0.020162816423994034,-0.002311499675644695,-0.00160603605506924,0.0,1.1102230246270456e-13
17,[Pt] + O[Pt] <=> O.[Pt] + [Pt],0.004770820399608096,-0.00592667517161951,0.0059691203634999876,-0.00472850338969571,0.003241057439890147,-0.007456274492803779,-0.010696985237274673,0.006229883164790043,-0.004467768482161881,-0.0007058871719511056,-0.002258057714362814,0.0,4.440892098508183e-14
18,[H] + [Pt] <=> [Pt],0.0015838326846369733,5.750319808702807e-05,-0.0006046091292152682,-0.002130905213442228,0.004377621658277762,0.00285124952998565,-0.0015263053124194865,-0.006230446362153709,-0.007756656578946986,-0.004437786900437378,-0.0018363172640842298,0.0,4.329869796045478e-13
19,[CH3] + [Pt] <=> C[Pt],0.013535495744964769,0.005407394832184817,0.013002876173858754,0.004874818547073367,0.014215443768024569,0.0060872875958661995,-0.008127000882918562,-0.008417725390588528,-0.016544042164889375,-0.004158199529342496,-0.005351001252261348,0.0,3.996802888657364e-13
20,[OH] + [Pt] <=> O[Pt],0.007173960438489099,-0.004713398746939955,0.009018941443655391,-0.002868637045556161,0.004818637323984313,-0.007068441895812269,-0.011886506452156241,0.005057396048018344,-0.006829711551847786,-0.0007447080221267339,-0.003371292618070284,0.0,4.440892098508183e-14
21,[CH]=O + [Pt] <=> O=C[Pt],0.0007909026669637963,0.0020586297064315896,5.574847692407666e-05,0.00132346619671935,0.0017294086199195079,0.0029971475569873546,0.001267717013063257,-0.0028135143873913105,-0.0015458330417338682,-0.0006802286223655169,1.634188338685563e-09,0.0,7.77156117238932e-14
22,C + [Pt] <=> C.[Pt],-0.0017656252097346119,0.012866007824339384,-0.001977576632807225,0.012654025388777974,-0.0014950456837069272,0.013136626941282948,0.014631891378442742,-0.0027294390475272935,0.011902052962355992,0.005824295899932144,-0.001309657475307782,0.08203445447087601,-4.2188474935827736e-13
23,O + 2 [Pt] <=> [Pt] + O[Pt],0.11187344445672412,0.05703290306296717,0.12182944849235826,0.0669834532734823,0.09916349981921037,0.04432992083882687,-0.05477925795103052,-0.030292645178894226,-0.08505530904368838,-0.002066735103787638,0.0006328071281548658,0.0,2.6645352591049094e-13
24,[H][H] + [Pt] <=> [H][H].[Pt],-0.022945474157659473,0.1317328044927769,-0.03841829697278101,0.11623604308885306,-0.0031926977765143892,0.15151614114063372,0.15471377846049988,-0.10921055507877371,0.0453342596054787,0.016883855800816555,0.016500647700262962,0.08203445447087601,-8.770761894553661e-13
25,CC + 2 [Pt] <=> 2 C[Pt],0.00485230662567935,-0.013430463413903398,0.00979946653347725,-0.008484207940085888,-0.0014632923150105887,-0.01974490774419162,-0.018281882946565384,0.018671945306333045,0.00038664877657457,0.0031641999522415967,-0.01004341861389549,0.0,-3.330669073881137e-13
26,C=O + 2 [Pt] <=> O=C[Pt] + [Pt],0.0007909579819266319,0.0020584178724486614,5.5904978335929805e-05,0.001323355552436502,0.0017293347591615452,0.002996806543131659,0.0012674498655299198,-0.0028131113576572286,-0.0015456971469065429,-0.0006801116355692164,-8.005358831794951e-10,0.0,7.77156117238932e-14
27,CO + 2 [Pt] <=> C[Pt] + O[Pt],0.003582484679641099,-0.006499612954745074,0.004763345261897181,-0.0053188714237328615,0.0020749850269999644,-0.00800696062525105,-0.010081736457719063,0.006359685242355082,-0.003722692382071012,-0.0007061614536201666,-0.0020143304700460563,0.0,3.330669073881137e-14
28,CC=O + 2 [Pt] <=> C[Pt] + O=C[Pt],0.0007908793861396293,0.0020584584679369435,5.578678724308364e-05,0.0013233565512366149,0.001729306711162176,0.0029968976881890913,0.0012675690568555184,-0.002813229685551887,-0.0015456962883206526,-0.0006801495133641649,-3.6621216577450337e-10,0.0,7.77156117238932e-14
29,O=C[Pt] + [Pt] <=> O=C=[Pt] + [Pt],-0.0021593329741796184,-0.017019139220684456,0.0016906209206999456,-0.013169757433835446,-0.007074226608800942,-0.02193330249586272,-0.014860127126125132,0.021114721457989618,0.006251456657408886,0.0031995530821791428,-0.0022626096914420916,0.0,-3.441691376343842e-13
30,O=C[Pt] + C#[Pt] <=> C=[Pt] + O=C=[Pt],0.0007909275669924804,0.002058433974639677,5.585912814067263e-05,0.0013233562188350039,0.0017293240490520818,0.002996842350840962,0.0012674963826713836,-0.002813157133236921,-0.0015456964072296945,-0.0006801259888478964,-6.170695578582326e-10,0.0,7.77156117238932e-14
31,C=[Pt] + O=C[Pt] <=> C[Pt] + O=C=[Pt],0.004085886396000171,-0.006263021826827743,0.005216505090688236,-0.005132520134045528,0.002642526091570909,-0.0077062327653310055,-0.010348485395468272,0.006394345767963205,-0.003954801345438408,-0.0006997691115115221,-0.0022626102818794408,0.0,3.330669073881137e-14
32,O=C[Pt] + C~[Pt] <=> C#[Pt] + O=C=[Pt],0.006196868946892378,-0.001981660924515541,0.006081370682319296,-0.002097149743604261,0.006344315306214525,-0.0018342266233877845,-0.00817802309003162,0.0004886244513183418,-0.007689438598533912,-0.0021983433080279284,-0.002262610221345846,0.0,1.8873791418659776e-13
33,O=C[Pt] + O=[Pt] <=> O=C=[Pt] + O[Pt],-0.0021593590306288207,-0.01701912504082387,0.0016905811643442364,-0.013169756950298902,-0.007074235175815115,-0.0219332708311389,-0.014860086892818921,0.021114679110389174,0.0062514545579074095,0.003199539039246109,-0.0022626100623502747,0.0,-3.441691376343842e-13
34,C#[Pt] + O[Pt] <=> C=[Pt] + O=[Pt],0.004900122580331134,-0.005862673582879094,0.006112737533842121,-0.004650189134230401,0.003352084946886022,-0.007410544612344579,-0.010762268798838253,0.0061957429389263,-0.00456719266242841,-0.0007072799336144336,-0.0022625961067770997,0.0,4.440892098508183e-14
35,C=[Pt] + O[Pt] <=> C[Pt] + O=[Pt],0.005433416977303463,-0.013295673842063134,0.009665947678952224,-0.009063935811856477,3.012156861464335e-05,-0.018697957317623325,-0.01872807324505284,0.019843716000820796,0.0011119264100911594,0.003221910135244538,-0.011943950081981358,-0.08203445447087601,-3.2196467714184323e-13
36,C~[Pt] + O[Pt] <=> C#[Pt] + O=[Pt],0.006196901520583596,-0.0019816412237462036,0.006081405433339739,-0.0020971278656709657,0.006344345100269573,-0.001834209702040381,-0.008178035959496956,0.0004886111892265264,-0.0076894647290643055,-0.002198344705186147,-0.0022626098665585116,0.0,1.8873791418659776e-13
37,2 C=[Pt] <=> C[Pt] + C#[Pt],-0.0017654777850594162,0.01286597452108418,-0.001977397223753296,0.01265402407495766,-0.001494939090642638,0.013136552799946894,0.014631710625746253,-0.0027292679338782352,0.011902043353286521,0.005824328065306685,-0.001309660690625895,0.08203445447087601,-4.2188474935827736e-13
38,C[Pt] + C~[Pt] <=> C=[Pt] + C#[Pt],-0.022943860046146153,0.1317339665868515,-0.038416667777369275,0.11623722036051108,-0.0031911029212554447,0.1515172838588529,0.15471332384149403,-0.10921184513840003,0.04533251342745293,0.016883543094110193,0.016499505896751046,0.08203445447087601,-8.770761894553661e-13
39,C=[Pt] + C~[Pt] <=> 2 C#[Pt],0.004085923056766847,-0.006263037541943778,0.005216559866594886,-0.005132517736482389,0.002642539626333131,-0.007706271603308385,-0.010348537765415543,0.006394398885871732,-0.003954800606336218,-0.0006997508104345537,-0.0022626098728498883,0.0,3.330669073881137e-14
40,[CH]C + 2 [Pt] <=> C[Pt] + C#[Pt],-0.009029100992599954,-0.012634286061117968,-0.009250904936713428,-0.012856082008062748,-0.008745943629484876,-0.012351138907275084,-0.0036055106137117755,0.009463993439090768,0.005858141600083317,-0.0006092595479841749,-0.002262676950930305,0.0,-1.1102230246270457e-14
41,[C-]#[O+] + [Pt] <=> [C-]#[O+].[Pt],0.0010213854447439776,0.018231368743834336,-0.000677952144432588,0.016531738701928738,0.003190778566878842,0.020401135214350916,0.017209807520631764,-0.010126835580703875,0.007081229131017321,0.003923809044976952,-0.0013096607191622422,0.08203445447087601,-2.331468351716796e-13
42,[CH3] + [Pt] <=> [CH3].[Pt],0.004085903138121418,-0.0062630283679823515,0.005216530230426993,-0.005132518278699048,0.002642532113217782,-0.007706250025505981,-0.010348508676052815,0.006394369103159186,-0.003954801294732313,-0.0006997608751625969,-0.0022626099044611623,0.0,3.330669073881137e-14
43,[CH]C + [Pt] <=> [CH]C.[Pt],0.004085886514951518,-0.006263021711496996,0.005216504896772794,-0.0051325203315507285,0.0026425266099314513,-0.007706232250630435,-0.010348485399078738,0.0063943455977930165,-0.00395480151921226,-0.0006997693215557603,-0.0022626101971195424,0.0,3.330669073881137e-14
44,C=C + [Pt] <=> C=C.[Pt],0.0007908795978517431,0.002058455287008667,5.578715477834561e-05,0.0013233535261688548,0.0017293067239655634,0.0029968943083027574,0.0012675656642411849,-0.00281322715074431,-0.001545697146014309,-0.0006801500545784129,-1.3903170766614023e-09,0.0,7.77156117238932e-14
