,0,1,2,3,4,5,6,7,8,9,10,11,12,13,14,15,16
0,0,[H][H] + 2 [Pt] <=> 2 [Pt],0.00012252735925944588,1.4156846550142848e-05,0.00012186398827717695,1.3493463599656864e-05,0.863047459089906,0.8629547828868357,-0.00011953801042373214,0.0001211980413883,1.2523262289122366e-05,-5.751216392736507e-13,-5.741662877133993e-13,-0.033183846490100956,6.972396667041063e-05,0.0397038451183597,0.0
1,1,O=C=O + [Pt] <=> O=C=O.[Pt],6.793767227556032e-05,1.4104670181246533e-06,6.79376745645519e-05,1.4104800861905264e-06,1.596705507788429e-05,-1.4347341800516796e-05,-1.3455271485611599e-05,6.788450709070526e-05,1.6043104828860828e-06,8.110934746567906e-13,1.2046983174819486e-12,-0.046846361023547056,4.843081428910678e-05,0.00182666583896297,0.0
2,2,[C-]#[O+] + [Pt] <=> O=C=[Pt],0.0017820275217677495,0.0006728071985922806,0.0017820299865454249,0.000672809655884518,-0.0014241980292020897,-0.0025130319839032156,-0.0011098655231216539,-0.001755664332899258,-0.0028648700158178807,-3.772981858810758e-11,-3.8041442325168444e-11,-0.08504494405394614,-0.0017096654257965143,0.01060497472571313,0.0
3,3,[O][O] + 2 [Pt] <=> 2 O=[Pt],-0.18766690411864692,-1.947508378827227,-0.18766518551672648,-1.9475066905185414,-2.42332078366178,-4.143703750221575,-1.7630932789266045,-0.13322092339025754,-1.8940222172809809,-3.450754997213867e-08,-3.450765350836388e-08,-0.04632701456565677,-1.898620866632068,-1.7405853371899815,0.0
4,4,O=C=[Pt] + O=[Pt] <=> O=C=O.[Pt] + [Pt],-0.001992106776105337,-0.0007102856715821355,-0.0019921093413853472,-0.0007102882232682364,0.0013448565574709513,0.0026037028929378403,0.0012928929623660785,0.0017198325489013047,0.003002006816817061,4.033016611617766e-11,4.0284309241285265e-11,-0.056500476702600576,0.0018356965025335082,0.041907011486588694,0.0
5,5,C + 2 [Pt] <=> C[Pt] + [Pt],-0.000144858798341155,3.95571378651441e-06,-0.0001448588025513783,3.9557141991403276e-06,-0.00010607529466288634,-4.922220420862097e-06,0.0001529243276527951,-0.00014505347014703453,3.918204998403836e-06,-3.181320695650061e-13,-3.1526601488423896e-13,-0.014650063288703467,2.4634355944351594e-05,-0.002106932755086083,0.0
6,6,C=[Pt] + [Pt] <=> C[Pt] + [Pt],0.3619145188454464,1.9666891909721131,0.3619134277719623,1.966688082454489,1.7811551779099648,3.4086828383719756,1.5989921305723145,0.2567312711026957,1.8598241797010986,3.419844848261598e-08,3.419839689363159e-08,0.005998074436276778,1.8773509956207923,1.6189893276380263,0.0
7,7,C#[Pt] + [Pt] <=> C=[Pt] + [Pt],-7.567020048184021e-05,1.2298819397454468e-05,-7.55661250157963e-05,1.2402881967386196e-05,-0.13545890521742454,-0.13535273367158854,2.541701205209067e-05,-7.546164658131479e-05,1.2157755784789462e-05,1.1368683567040122e-13,-1.0891007786908714e-13,-0.006111472222648469,-2.2141523764887524e-05,0.055800401440612026,0.0
8,8,C~[Pt] + O=[Pt] <=> O=C=[Pt] + [Pt],1.4483472878899107e-05,3.5423437288627937e-07,1.4483480637609933e-05,3.5423255042430993e-07,-4.7733617369402107e-05,-1.5445257838382063e-05,-2.160409546484203e-05,1.4676681816796223e-05,3.453333434362394e-07,-6.262926572198637e-13,-5.674191173191459e-13,-0.03977909473732373,1.0594244329970146e-05,0.0385181386561088,0.0
9,9,C#[Pt] + [Pt] <=> C~[Pt] + [Pt],-4.202386193905335e-05,-5.0387019669693e-07,-4.20238618949399e-05,-5.03865632984087e-07,-4.2081194458484714e-05,2.2103388876972634e-05,4.448008033405671e-05,-4.2099736705129156e-05,-4.788485337887332e-07,3.6207824133678594e-13,-3.0424762688929166e-13,-0.01749609019241716,4.860888944269599e-05,-0.00047751995133447716,0.0
10,10,C~[Pt] + [H][H] <=> C=[Pt],1.0153811572168853e-05,1.4425047310671316e-07,1.0048632139725547e-05,3.907585883821129e-08,0.13682945522512613,0.13683621878807234,-5.9568655015597615e-06,9.842471480692131e-06,-5.6078388568136793e-08,-9.203220030457957e-14,-5.987506678640016e-13,-0.02046225392409037,6.356543710764934e-05,0.028591727984716125,0.0
11,11,C + O=[Pt] + [Pt] <=> C[Pt] + O[Pt],-3.288276100742799e-05,0.00041407735840959047,-3.288299688387871e-05,0.0004140771202943333,0.00022523046932397065,0.0007392667351837639,0.0004937591954834823,-3.33397487444903e-05,0.00041343914910982,7.224368498650628e-12,7.832927442533233e-12,-0.07032009853712066,0.0004451040780613563,0.02722393062614932,0.0
12,12,O=C=O.[Pt] + [Pt] <=> O=C=[Pt] + O[Pt],-3.2470848013744294e-05,-5.628435767744795e-07,-3.247085081985008e-05,-5.628492418375406e-07,-2.882341384910796e-05,3.4128951041728684e-06,2.3431153586536165e-05,-3.223830016201341e-05,-5.425468596999158e-07,-2.1925318307856284e-13,1.1273148411015168e-13,0.015382649339457983,4.179044348412269e-05,0.014293877678575758,0.0
13,13,[Pt] + O=[Pt] <=> O[Pt] + [Pt],3.985044115456149e-06,4.477623100187098e-06,3.985051684502998e-06,4.477620857549023e-06,-5.862698150602345e-06,3.884570681038553e-06,-7.545536639838784e-06,4.109159962105657e-06,4.351033936709968e-06,-9.75413943020658e-13,-1.2018322628011586e-12,-0.04663365704649613,5.755347982288539e-05,0.0009871529982837287,0.0
14,14,C + O[Pt] + [Pt] <=> C[Pt] + O.[Pt],-0.00011536118438885444,5.175599941161554e-05,-0.00011536117594595547,5.1756014584955616e-05,-0.00012634362195119704,7.451516166636204e-06,0.0001675920065274104,-0.0001152874526851145,5.184749393889094e-05,1.8247214800881628e-13,-1.9107031204603945e-15,-0.018611431786777682,8.108793749953348e-05,0.05130916295583193,0.0
15,15,O + [Pt] <=> O.[Pt],-9.956722806273328e-05,0.0008913871739458231,-9.956716808785955e-05,0.0008913872381454003,-0.00018104470621883848,0.0008219506551169007,0.0009980319888473511,-0.00010086118396461512,0.0008902752882074329,1.5546435940034564e-11,1.5937811629219084e-11,-0.03656858840451527,0.0009107914788298761,0.0077214148036190665,0.0
16,16,O.[Pt] + O=[Pt] <=> 2 O[Pt],0.005183458864625482,0.9970367844248702,0.005183513912068602,0.9970368400109838,-0.06642325623957879,0.9247293812471151,0.9917932868506841,0.0037249535885115277,0.9955635721758501,1.7984232310830134e-08,1.7984130088213117e-08,-0.028509047059982452,0.9916446106892959,1.0537815126936725,0.0
17,17,[Pt] + O[Pt] <=> O.[Pt] + [Pt],2.8850329332815725e-05,-5.147977190022999e-06,2.885033934167175e-05,-5.147969709016721e-06,1.583138254690339e-05,-2.657699875309437e-05,-3.4947829499511996e-05,2.9066845528038887e-05,-4.936706734672024e-06,-8.970751150796902e-13,-1.0776365599679356e-12,-0.0623302238636989,8.900793739547794e-11,0.03218106282779091,0.0
18,18,[H] + [Pt] <=> [Pt],-0.00010220974473308127,-2.813337370353496e-06,-0.00010220983017241596,-2.813431452907788e-06,8.931686808133154e-06,0.00013585181834584848,0.00010007952287453003,-0.00010195867183946483,-2.7318435131857226e-06,-3.439265616915732e-14,-2.2259691353945787e-13,-0.052692122863829495,1.254170952492783e-05,0.011122294662587118,0.0
19,19,[CH3] + [Pt] <=> C[Pt],-0.010999358771527022,0.0011404743983293231,-0.010999362930584535,0.0011404702454682054,-0.0055891827041975334,0.006570776608654616,0.012150010519702924,-0.00779138114625189,0.00434906649023774,3.3784097225308294e-11,3.362550886630578e-11,-0.08793784080774676,0.012187890277109273,0.03515385866844503,0.0
20,20,[OH] + [Pt] <=> O[Pt],2.512863500972086e-05,1.2841556003858297e-05,2.5128640851047668e-05,1.2841541905382505e-05,1.7526301199292054e-05,2.051753322384819e-05,-2.965271913177507e-05,2.5242406083569077e-05,1.2499695002404054e-05,-9.056732791219964e-13,-1.010761950750078e-12,-0.0409186257476751,3.599843136336987e-05,0.019580719906750442,0.0
21,21,[CH]=O + [Pt] <=> O=C[Pt],-0.00018769364583676726,2.980207090178841e-06,-0.00018769363874617033,2.980208123726755e-06,-0.00019691977799559947,1.634066794236931e-06,0.00018586095227746894,-0.00018764485255619577,2.9092125028173735e-06,-3.6948221592871087e-13,-4.2429551169835587e-13,-0.037313116615382724,-2.902283270551755e-05,0.052644512501700595,0.0
22,22,C + [Pt] <=> C.[Pt],7.479034375100111e-05,-3.2401842707638964e-07,7.479034191017806e-05,-3.2400822917497714e-07,7.71835365851106e-05,3.361562420103277e-06,-6.27474208162955e-05,7.454910579506208e-05,-2.3288741100810046e-07,1.2037429659218458e-13,-7.451742169989963e-14,-0.052668668204419934,4.536818250075368e-05,0.0021173113650382637,0.0
23,23,O + 2 [Pt] <=> [Pt] + O[Pt],-2.705653906025053e-05,5.62996062587315e-07,-2.7056538387580503e-05,5.629881388209303e-07,-0.00010103537372845793,-1.0955836325619102e-05,2.144566123480923e-05,-2.6888224358829157e-05,5.874627903238189e-07,-1.4312360562071027e-13,4.423277723982592e-13,-0.09300285637745846,3.108622245944507e-05,-0.00487573010380721,0.0
24,24,[H][H] + [Pt] <=> [H][H].[Pt],-3.848332882825775e-05,5.423851459421766e-06,-3.848332090527559e-05,5.4238527473077445e-06,-4.437951433568868e-05,1.7176231748306966e-05,6.947272200684515e-05,-3.841774798158378e-05,5.283442946699095e-06,-3.171767180047266e-13,-3.171767180047268e-13,-0.029106361221896474,2.1335137761937496e-05,-0.003166711989262023,0.0
25,25,CC + 2 [Pt] <=> 2 C[Pt],-0.17185833142792323,0.0178370133568674,-0.1718583963503779,0.017836948304435024,-0.08740603124292455,0.10245840307040463,0.1900170803322776,-0.12182295085400621,0.06796735214691327,9.49176167769813e-10,9.490433739029338e-10,-0.046540405205531606,0.051441802511119405,0.21699457259894808,0.0
26,26,C=O + 2 [Pt] <=> O=C[Pt] + [Pt],-1.1305047575344886e-05,3.1614501800276644e-06,-1.1305047176396452e-05,3.1614433040867394e-06,4.473568720316398e-05,-1.2897006205096161e-06,-9.032013701122556e-05,3.724523404425562e-05,3.0747584277579673e-06,2.5444196554802717e-13,9.551724318378094e-13,-0.04672540960847467,3.240582698445865e-05,0.04238408029895913,0.0
27,27,CO + 2 [Pt] <=> C[Pt] + O[Pt],6.383156150911856e-05,-2.7024782076069607e-06,6.38315607521466e-05,-2.7024745177936755e-06,6.481573023846316e-05,2.5161363869579275e-05,-6.671891160920598e-05,6.38935426095627e-05,-2.6287374931889687e-06,5.023875404862788e-13,3.8112158243786993e-13,-0.039845484155554604,2.7640354764463198e-05,0.015435769625891814,0.0
28,28,CC=O + 2 [Pt] <=> C[Pt] + O=C[Pt],1.9229248319084603e-05,-2.022465806287071e-06,1.922923977413543e-05,-2.0224598255942613e-06,-2.3515319849012087e-05,1.0509335051969121e-06,-5.506830180679308e-06,1.8941068022932485e-05,-1.8948466620722292e-06,7.815969952340414e-14,6.597896713015141e-14,-0.01744340091142928,5.43275961056265e-05,0.015432111663884446,0.0
29,29,O=C[Pt] + [Pt] <=> O=C=[Pt] + [Pt],7.362430203983884e-05,-4.783593567565446e-06,7.362430285752584e-05,-4.783590562268025e-06,7.256021725245658e-05,7.247507101654634e-06,-7.352684497061404e-05,7.37297937249729e-05,-4.577962847147391e-06,7.592656525129151e-13,6.070064975972246e-13,-0.026255304540763507,-4.206531368444598e-06,-0.004036484134088771,0.0
30,30,O=C[Pt] + C#[Pt] <=> C=[Pt] + O=C=[Pt],3.8969187017881554e-05,1.2052611404758536e-06,3.89691896273564e-05,1.2052631732350928e-06,-2.6329529148714667e-05,-1.6741032667857488e-05,-3.939587116311641e-05,3.897618944037658e-05,1.1789603430010724e-06,-7.709050190220092e-13,-7.40397459197833e-13,-0.0331505896504337,-3.6652567486796823e-07,0.07586805473888128,0.0
31,31,C=[Pt] + O=C[Pt] <=> C[Pt] + O=C=[Pt],6.51722528771055e-05,-1.250834265736926e-06,6.517226958660798e-05,-1.2508308034681526e-06,-2.1088840985860116e-05,5.960961865958558e-06,-1.9435304384235904e-05,6.559326800489068e-05,-1.2155849581382022e-06,-1.2324035127290546e-13,1.187621408342731e-13,-0.0497804821316116,2.4707585316282312e-05,-0.0005136871417161165,0.0
32,32,O=C[Pt] + C~[Pt] <=> C#[Pt] + O=C=[Pt],-1.20201461306899e-05,1.2968862225178342e-05,-1.2020144285094526e-05,1.2968852166321337e-05,-1.442055370555772e-05,3.5021278177221996e-05,-2.8805401196821732e-05,-1.2211853654253597e-05,1.2618411413336834e-05,1.1378237082640945e-12,8.86566247916947e-13,-0.03211413117646537,1.4255490344907976e-05,0.006817201423003325,0.0
33,33,O=C=[Pt] + O[Pt] <=> O=C[Pt] + O=[Pt],6.045190058113737e-05,-5.361948387160923e-06,6.045190873270051e-05,-5.361934408230857e-06,4.98457134325963e-05,-2.5210318107826145e-06,2.541821131073684e-06,6.0348803832224835e-05,-5.207092824176364e-06,2.6654308531127304e-13,1.0031191382684959e-13,-0.08507570408408376,-1.7033852848453688e-05,0.03854628506732145,0.0
34,34,C#[Pt] + O[Pt] <=> C=[Pt] + O=[Pt],8.125301056594591e-05,2.494808952624922e-06,8.125307958571114e-05,2.4948847387710714e-06,-8.531299142605269e-06,-9.511720977324205e-05,-7.545591904170655e-05,8.116940602973614e-05,2.5093734621600364e-06,-6.029462534661368e-13,-7.40994553923022e-13,-0.03798473410368372,4.897542896416323e-05,0.03085029516922772,0.0
35,35,C=[Pt] + O[Pt] <=> C[Pt] + O=[Pt],0.0005435034430631718,0.0023307000760533192,0.0005435021700531638,0.0023306987901400063,0.0021304700795914786,0.004013459975134528,0.0018367590550839906,0.0004173242189276729,0.0022041619600527093,3.9895481156261476e-11,3.972638393009614e-11,-0.03508756677105669,0.0022447284691589475,0.03855866081239507,0.0
36,36,C~[Pt] + O[Pt] <=> C#[Pt] + O=[Pt],-4.997292573411881e-05,5.963823243881976e-06,-4.9972920977692426e-05,5.963826789151245e-06,-5.616160596589414e-05,-1.7748961544515143e-05,5.0834603012362084e-05,-4.998037837209102e-05,5.79347440640065e-06,1.4400332518249598e-13,2.7705195247433064e-14,-0.06739646954930294,5.513399185968839e-05,3.667186796710014e-07,0.0
37,37,2 C=[Pt] <=> C[Pt] + C#[Pt],2.643281877739197e-05,2.8576341062944073e-06,2.6432839991900293e-05,2.8576333536470715e-06,-0.00010837397336998548,1.0377958266094875e-05,-3.903268286444184e-05,2.676673974977018e-05,2.786098489606449e-06,-2.1654635365784824e-13,-3.432259705477041e-13,-0.04630040749545012,-3.5614587888011064e-07,9.233465730530153e-06,0.0
38,38,C[Pt] + C~[Pt] <=> C=[Pt] + C#[Pt],9.545876755145167e-05,2.9684302464044295e-06,9.545876096884011e-05,2.9684257180871365e-06,0.00010401952081241953,2.158599726557117e-05,-4.1090272475047985e-05,9.52640222533636e-05,2.887650591939284e-06,4.404170692777333e-13,2.2832902290105584e-13,-0.008707790306995875,6.209912533594087e-05,0.02087285175573472,0.0
39,39,C=[Pt] + C~[Pt] <=> 2 C#[Pt],8.874209518268678e-06,1.1718512818787522e-05,8.874216431781991e-06,1.1718514099279808e-05,-6.306626959704164e-05,-7.373957091980649e-06,-3.57392360937963e-06,8.92212531941837e-06,1.1590098737059799e-05,-3.716317569393037e-13,-4.740335023041656e-13,-0.0527331220561815,2.8006963903013396e-05,0.017324485947969686,0.0
40,40,[CH]C + 2 [Pt] <=> C[Pt] + C#[Pt],8.349499350551021e-07,1.1502274296856973e-05,8.349562597806904e-07,1.1502268802575047e-05,-7.393985634239002e-06,7.456636919281052e-06,8.474417278930087e-07,7.972281528500569e-07,1.1202775780426414e-05,4.4041706927771067e-13,2.6749843687149826e-13,-0.06153461697140096,3.5610797819447135e-06,0.03559773637218007,0.0
41,41,[C-]#[O+] + [Pt] <=> [C-]#[O+].[Pt],3.5967717955349174e-05,-6.114516717904951e-07,3.5967719858489146e-05,-6.114522939702146e-07,7.098051811385403e-06,9.049334390989298e-06,-3.5345007612293006e-05,3.5959841085309255e-05,-5.967679222658787e-07,-2.560342181484058e-13,-7.379493708246779e-13,-0.02492873704694663,4.0837337569562786e-05,-0.0068660176807388675,0.0
42,42,[CH3] + [Pt] <=> [CH3].[Pt],0.00010205042130292371,-3.499931525188956e-06,0.0001020504284902877,-3.4999168480077684e-06,9.270027703706952e-05,-1.1822785891447268e-05,-9.57099341520302e-05,0.00010192080601970293,-3.401591163024773e-06,4.757650770071609e-13,2.4934675722665376e-13,-0.07617455061954873,-8.25725924272138e-06,0.012262403958686231,0.0
43,43,[CH]C + [Pt] <=> [CH]C.[Pt],-7.046624376768243e-06,-3.846816870425882e-06,-7.046623599482485e-06,-3.846814257885217e-06,4.467438620003824e-05,4.713261803432234e-06,6.751715623462362e-06,-7.029858337689743e-06,-3.740878329133e-06,-1.0485580468526905e-12,-9.724284693948453e-13,-0.037967160303921534,5.506070483599174e-05,0.0796243488143278,0.0
