,Reaction,SYNGAS Selec,SYNGAS Yield,CO Selectivity,CO % Yield,H2 Selectivity,H2 % Yield,CH4 Conversion,H2O+CO2 Selectivity,H2O+CO2 yield,Exit Temp,Peak Temp,Dist to peak temp,O2 Conversion,Max CH4 Conv,Dist to 50 CH4 Conv
0,[H][H] + 2 [Pt] <=> 2 [Pt],0.0018551529123433089,0.004713992662736562,0.0002429177526151213,0.003101711412646095,0.0035954783120858993,0.006454367814684684,0.0028587867155382106,-0.021560834125641023,-0.01870266378835658,-0.004221270113105837,-0.0032083087729617614,0.0,1.1102230246251617e-14,0.0163392810606623,0.0
1,O=C=O + [Pt] <=> O=C=O.[Pt],0.002310166367223464,-0.005940472214896734,-0.004540219542115433,-0.012790292936730865,0.009704807604343725,0.001453558931184409,-0.008250447983045266,-0.008972205747150732,-0.017221913483033945,-0.007747467102350522,-0.002863900676935121,-0.15151515151514827,1.1102230246251617e-14,0.011983790141624956,0.0
2,[C-]#[O+] + [Pt] <=> O=C=[Pt],-3.427563499192149e-06,-9.94174756420839e-05,2.0530470885212934e-05,-7.545946425572079e-05,-2.9289036321876395e-05,-0.00012527892363955805,-9.598991542718492e-05,0.0002217575536345731,0.00012576742534681104,3.361813668028514e-05,-0.00018066960287379573,0.0,0.0,-0.000799654508204351,0.0
3,[O][O] + 2 [Pt] <=> 2 O=[Pt],0.0017907951856122378,0.006721614564869037,0.005890157242876161,0.010821178750659006,-0.002634256499912423,0.002296344691950385,0.004930731079970005,-0.03138289151444353,-0.026453707840465253,-0.0014840730018536588,0.06710488557220771,-0.15151515151514827,1.4432899320127103e-13,0.47370906531027646,0.0
4,O=C=[Pt] + O=[Pt] <=> O=C=O.[Pt] + [Pt],0.0010954531528414987,-0.012818116385994442,-0.01080399345213474,-0.024715907371335753,0.013940297184795353,2.494048922518105e-05,-0.013913417123856317,0.016161216501884748,0.00224555080056212,-0.008129099020085871,-0.00148584115329636,-0.0757575757575876,1.1102230246251617e-14,-0.037786980673682684,0.0
5,C + 2 [Pt] <=> C[Pt] + [Pt],0.0011270383827546517,-0.012814101131524633,-0.01064740156130782,-0.02458689960299629,0.013836944117505134,-0.00010596728250211614,-0.01394098239404954,0.015701150689915063,0.0017579794012117511,-0.008125421069683362,-0.0016441711096790211,-0.0757575757575876,1.1102230246251617e-14,-0.046110944770151506,0.0
6,C=[Pt] + [Pt] <=> C[Pt] + [Pt],0.0022044703202962934,0.01733138210678546,0.007427227355300924,0.022554929166226336,-0.0034332287894633198,0.011692830206047118,0.015126578325563782,-0.050122843284603244,-0.03500384683019377,-0.001885055131204611,0.003820195519578746,-0.0757575757575876,1.1102230246251617e-14,0.013285445557949853,0.0
7,C#[Pt] + [Pt] <=> C=[Pt] + [Pt],1.091613167840346e-09,-3.0941739408582165e-09,1.992908499487706e-09,-2.192872626739418e-09,1.1872328880145544e-10,-4.0670659466277605e-09,-4.1857802006523846e-09,2.768285617790939e-09,-1.417496814446221e-09,9.708602852073204e-11,1.3739511307521686e-09,0.0,0.0,7.490209739709029e-09,0.0
8,C~[Pt] + O=[Pt] <=> O=C=[Pt] + [Pt],0.002192539503341651,0.01716883638081282,0.0073406571872842025,0.022317725045236533,-0.003364590244244129,0.011610874399228187,0.014975968523444589,-0.04972342028225591,-0.03475489832257633,-0.0018976896660284279,0.003816295050612366,-0.0757575757575876,1.1102230246251617e-14,0.013319511605030693,0.0
9,C#[Pt] + [Pt] <=> C~[Pt] + [Pt],0.001075343796213422,0.0010676057990676728,-0.001836554289864215,-0.0018442920616795334,0.004218588855772303,0.004210850615427212,-7.737913925218865e-06,-0.010819539458418789,-0.010827276535135108,-0.0038002797021021977,-0.0011110580422714798,0.0,1.1102230246251617e-14,0.03242234040744243,0.0
10,C~[Pt] + [H][H] <=> C=[Pt],-0.00020823739140826163,-0.0163232868762916,-0.010099908844299645,-0.026213364278114173,0.010469316048300785,-0.005647454133186147,-0.016115083042506674,0.03351264023797523,0.017392156605672185,-0.0042802307033503835,-0.0006321334352151866,0.0,0.0,-0.020659198522684347,0.0
11,C + O=[Pt] + [Pt] <=> C[Pt] + O[Pt],0.010459284848968554,0.008333516465195498,0.010366593307267993,0.008240826893706038,0.010559340627673927,0.008433570117175418,-0.002125546066851269,-0.12020141643453994,-0.12232440756491075,-0.020424684649303596,-0.08977774883794425,0.0,-7.771561172376132e-14,0.40158327883649925,0.0
12,O=C=O.[Pt] + [Pt] <=> O=C=[Pt] + O[Pt],1.4170183974085096e-09,-2.711015052176827e-09,2.1751313169567055e-09,-1.9529121033509243e-09,5.986619370579625e-10,-3.5293817478940236e-09,-4.128029990932614e-09,1.1387439605562016e-09,-2.989288227179341e-09,-2.5502565964272787e-10,-2.995805456255939e-09,0.0,0.0,1.934498171116561e-09,0.0
13,[Pt] + O=[Pt] <=> O[Pt] + [Pt],0.0010645824790095348,-0.012918555905927291,-0.010834938663964558,-0.024816413140111317,0.013909506970907608,-7.542751848681472e-05,-0.013982989524478349,0.01661076540050792,0.0026254531944438966,-0.008067974356401152,-0.0015913107490526629,-0.0757575757575876,1.1102230246251617e-14,-0.046355024609248,0.0
14,C + O[Pt] + [Pt] <=> C[Pt] + O.[Pt],-1.022019603525746e-05,-0.00012604631140018457,0.00010652503316897928,-9.3012174208962e-06,-0.00013624070020120608,-0.00025206666961005345,-0.0001158261272023481,0.00014928592097110678,3.345962085632433e-05,8.213381068913355e-05,-1.8911636477150585e-05,0.0,0.0,0.0008156693931174319,0.0
15,O + [Pt] <=> O.[Pt],0.0010628517602179204,-0.012928103276368768,-0.010831708656002631,-0.024820999547670152,0.013902421401281633,-9.032999462293326e-05,-0.013990806335045082,0.016635937738130647,0.0026428039012543576,-0.008061918588397663,-0.0015500510084359995,-0.0757575757575876,1.1102230246251617e-14,-0.04599641994984123,0.0
16,O.[Pt] + O=[Pt] <=> 2 O[Pt],0.002397928307704553,-0.002785156510725875,-0.016826087795309922,-0.02200817624056717,0.0231492705094074,0.017965110157111105,-0.005182960534740763,-0.002806313781187967,-0.007989128865788928,-0.014593218688933976,0.011970761876172947,-0.0757575757575876,1.1102230246251617e-14,0.09941671411935347,0.0
17,[Pt] + O[Pt] <=> O.[Pt] + [Pt],0.0011450062029313944,0.001669684280619518,-0.0022417927509016528,-0.0017171324428107836,0.004800882461175948,0.00532557972023118,0.0005246720701655681,-0.01183349903826344,-0.011308889055155516,-0.004190083120764472,-0.0010350476286136029,0.0,1.1102230246251617e-14,0.03246235613649602,0.0
18,[H] + [Pt] <=> [Pt],1.2021424300242868e-06,2.4739108590783974e-06,3.166805717631483e-06,4.438574166196819e-06,-9.186110970556147e-07,3.531573152681671e-07,1.271768413424437e-06,-1.803340942340012e-05,-1.676164124329319e-05,-1.4173915217965015e-06,-4.80448812247404e-06,0.0,0.0,1.575145283342712e-05,0.0
19,[CH3] + [Pt] <=> C[Pt],3.107370187395929e-07,5.61275592929755e-07,6.553560147194385e-07,9.058945797113927e-07,-6.12615624342782e-08,1.8927702168487908e-07,2.5053857483033087e-07,-3.6764855676517407e-06,-3.425947003236759e-06,-3.088672887727128e-07,3.937699587214253e-07,0.0,0.0,2.462231063399169e-07,0.0
20,[OH] + [Pt] <=> O[Pt],0.0021925265311391775,0.017168809168468427,0.007340651001788091,0.02231770461988819,-0.003364610542336689,0.011610839860685335,0.014975954285557883,-0.049723287860290066,-0.03475478011159732,-0.0018976654068651878,0.0038162937621242397,-0.0757575757575876,1.1102230246251617e-14,0.013318187997797855,0.0
21,[CH]=O + [Pt] <=> O=C[Pt],0.0010644596051121054,-0.012919197630796114,-0.010834735092724054,-0.024816728403739583,0.013909031716166958,-7.642164155181277e-05,-0.013983508387102599,0.016612502903835574,0.0026266715059926585,-0.008067562909697498,-0.0015906738118839031,-0.0757575757575876,1.1102230246251617e-14,-0.04635705939681967,0.0
22,C + [Pt] <=> C.[Pt],0.0010644612536017573,-0.012919202540895037,-0.01083473284642927,-0.024816732715339643,0.01390903271936888,-7.642719768297945e-05,-0.013983514945396415,0.016612510354785642,0.002626672396524177,-0.00806756277613483,-0.0015906749428803726,-0.0757575757575876,1.1102230246251617e-14,-0.04635705825492839,0.0
23,O + 2 [Pt] <=> [Pt] + O[Pt],0.004156494321681046,0.03665810402280254,-0.007277381599043227,0.025220512062825027,0.016498778610839235,0.04900439958631707,0.03250025882971961,-0.0782853577851,-0.045810541899288695,-0.014583798823016697,0.00554039777415479,-0.0757575757575876,0.0,0.014768262585845167,0.0
24,[H][H] + [Pt] <=> [H][H].[Pt],0.002192527996257655,0.017168815154752975,0.0073406505554250425,0.022317708694631264,-0.0033646070138839998,0.011610847910347806,0.014975958806409301,-0.04972330640192035,-0.03475479413739213,-0.0018976688863325407,0.0038162953995022975,-0.0757575757575876,1.1102230246251617e-14,0.01331808153024303,0.0
25,CC + 2 [Pt] <=> 2 C[Pt],0.0021925105593971904,0.017168799953466696,0.007340626048747449,0.022317686422601332,-0.0033646168192507844,0.011610840341601016,0.014975961044552429,-0.04972323996027935,-0.0347547254487782,-0.0018976635705339102,0.0038162936831493124,-0.0757575757575876,1.1102230246251617e-14,0.013318118282722946,0.0
26,C=O + 2 [Pt] <=> O=C[Pt] + [Pt],0.0010644343746741849,-0.012919219149523176,-0.010834768374290281,-0.024816757972925645,0.01390901517652262,-7.643447023677955e-05,-0.013983504678969132,0.01661249572132964,0.0026266680332480232,-0.008067563065927633,-0.0015906735411991269,-0.0757575757575876,1.1102230246251617e-14,-0.04635705502777944,0.0
27,CO + 2 [Pt] <=> C[Pt] + O[Pt],-0.00020827650232624426,-0.016323711106696837,-0.01010012773487356,-0.02621396822110765,0.010469471000326839,-0.005647684373043491,-0.016115468169100262,0.033513639458846056,0.017392770409850385,-0.004280261986675577,-0.0006322220404832745,0.0,0.0,-0.020659422911038183,0.0
28,CC=O + 2 [Pt] <=> C[Pt] + O=C[Pt],-3.080350969900337e-10,1.9638536162069972e-09,2.7301995041294433e-11,2.299180342042795e-09,-6.700020013907573e-10,1.6018855654153583e-09,2.271893250375772e-09,-3.1270318658912065e-09,-8.551349513945011e-10,1.7319188394471316e-10,8.201186053193795e-10,0.0,0.0,6.518184115456633e-08,0.0
29,O=C[Pt] + [Pt] <=> O=C=[Pt] + [Pt],-1.2523818129453054e-09,4.195094491354902e-09,-1.4951642165121775e-09,3.952300056093739e-09,-9.90310625011891e-10,4.457161999676834e-09,5.44747978251188e-09,-4.8037872075538294e-09,6.4368934209202e-10,2.6059817122715586e-10,1.6989598068227108e-09,0.0,0.0,6.02590209629441e-09,0.0
30,O=C[Pt] + C#[Pt] <=> C=[Pt] + O=C=[Pt],0.0010644604393886575,-0.012919200310263317,-0.010834733987410384,-0.0248167308118062,0.01390903225788514,-7.642461399873422e-05,-0.013983511900700359,0.01661250836900313,0.002626673456218019,-0.0080675626432604,-0.001590674911557989,-0.0757575757575876,1.1102230246251617e-14,-0.046357060492438235,0.0
31,C=[Pt] + O=C[Pt] <=> C[Pt] + O=C=[Pt],0.00107534271218189,0.0010676079236582223,-0.0018365558370267898,-0.0018442904003300427,0.00421858827165471,0.004210853240012791,-7.734705338566888e-06,-0.010819540475888807,-0.01082727434437067,-0.0038002794725857645,-0.001111056068686398,0.0,1.1102230246251617e-14,0.0324223601032012,0.0
32,O=C[Pt] + C~[Pt] <=> C#[Pt] + O=C=[Pt],-0.000208275746428856,-0.016323713617956936,-0.01010012715338335,-0.026213970906423554,0.010469471944487857,-0.0056476866964192485,-0.016115471436142125,0.033513643642030334,0.01739277132422279,-0.0042802622067786835,-0.0006322208807119999,0.0,0.0,-0.02065952712466381,0.0
33,O=C[Pt] + O=[Pt] <=> O=C=[Pt] + O[Pt],0.0010753460691261187,0.0010676007111433989,-0.001836550778340811,-0.0018442959107908515,0.004218589791655751,0.004210844190217708,-7.745274691949474e-06,-0.010819536202942376,-0.010827280639634052,-0.0038002800491742043,-0.0011110600482236357,0.0,1.1102230246251617e-14,0.03242233943273,0.0
34,C#[Pt] + O[Pt] <=> C=[Pt] + O=[Pt],0.0010644569321524417,-0.012919193147266434,-0.010834739541737855,-0.024816725696884208,0.013909030960379239,-7.641524020975327e-05,-0.01398350123107161,0.016612505011755957,0.0026266807708470847,-0.008067562102482563,-0.0015906719158625,-0.0757575757575876,1.1102230246251617e-14,-0.046357052778328245,0.0
35,C=[Pt] + O[Pt] <=> C[Pt] + O=[Pt],0.0021925292366322454,0.017168811767478996,0.007340651949712444,0.022317705461070182,-0.0033646059396380823,0.011610844357198617,0.014975954178682496,-0.04972330321095779,-0.034754795571376215,-0.001897669326849572,0.0038162929148253563,-0.0757575757575876,1.1102230246251617e-14,0.01331812792834577,0.0
36,C~[Pt] + O[Pt] <=> C#[Pt] + O=[Pt],0.0010753434091940544,0.001067607054938178,-0.0018365546643552473,-0.001844290793336619,0.004218588455241574,0.004210851857817723,-7.7362710592528e-06,-0.010819540719430209,-0.010827276153462068,-0.0038002795728465707,-0.0011110578090122783,0.0,1.1102230246251617e-14,0.03242236193769059,0.0
37,2 C=[Pt] <=> C[Pt] + C#[Pt],0.0010753441649371995,0.0010676051226805024,-0.0018365535746982262,-0.0018442923916271831,0.004218588850529432,0.0042108495650096285,-7.738959039014193e-06,-0.010819539515826829,-0.01082727763754995,-0.0038002797406213517,-0.001111058403514417,0.0,1.1102230246251617e-14,0.032422369171161376,0.0
38,C[Pt] + C~[Pt] <=> C=[Pt] + C#[Pt],0.0010644739620961938,-0.012919183588059713,-0.01083469887544481,-0.024816692503724487,0.013909022476092775,-7.643119261324064e-05,-0.013983508699343733,0.01661234420214118,0.0026265125141999037,-0.008067574768468375,-0.001590682428343547,-0.0757575757575876,1.1102230246251617e-14,-0.046357095114880426,0.0
39,C=[Pt] + C~[Pt] <=> 2 C#[Pt],0.0010644583028742152,-0.012919196305417746,-0.010834737429255989,-0.02481672811282547,0.013909031530396592,-7.641919953885362e-05,-0.013983505759693057,0.01661250702587532,0.002626678255312579,-0.00806756230593474,-0.0015906728140579656,-0.0757575757575876,1.1102230246251617e-14,-0.046357055263621036,0.0
40,[CH]C + 2 [Pt] <=> C[Pt] + C#[Pt],0.0010753462132602515,0.0010676029474819449,-0.0018365493291065728,-0.0018442923694083303,0.004218588527001068,0.004210845017844694,-7.743182514351736e-06,-0.010819541421976745,-0.010827283766715014,-0.003800279637607592,-0.0011110586687191509,0.0,1.1102230246251617e-14,0.03242234732297485,0.0
41,[C-]#[O+] + [Pt] <=> [C-]#[O+].[Pt],0.00347680664786872,0.05006750362045998,0.02849390789049899,0.07509626009969965,-0.023527874683992075,0.023050241056784413,0.04658907716046506,-0.12035221352211586,-0.07381920734727351,0.006031083175381893,0.021712960850468168,0.0,1.1102230246251617e-14,0.06088645909853475,0.0
