,C/O ratio,CH4 in,CH4 out,CO out,H2 out,H2O out,CO2 out,Exit temp,Max temp,Dist to max temp,O2 conv,Max CH4 Conv,Dist to 50 CH4 Conv
0,0.6000000000000001,0.04220610931192466,0.0399391875450721,0.0015734951457172222,1.3155472038312102e-08,0.003713887422550339,0.00014894032709540252,850.6220184444294,850.6220184444294,70.0,0.07949254609061879,-0.001783146964540877,510.0
1,0.7000000000000002,0.04764223879568619,0.003743058082471472,0.0419332658058788,0.06222932077731751,0.024431266682804702,0.0008474978821707451,1665.4151147455686,1905.0999761950802,18.450000000000003,0.9999999996742953,-0.16619051656823342,18.44
2,0.8,0.05273657570711542,0.008663115184261867,0.04217182455051659,0.06505131448064379,0.02203441440923334,0.0008569257345823511,1562.4348302117744,1870.6230166501944,16.880000000000003,0.9999999999820898,-0.14409685028106134,16.91
3,0.9000000000000001,0.05752037248751414,0.014674902487077217,0.04097701289866288,0.06347471736829137,0.021195000355521725,0.0008694120194866135,1510.2749340351756,1841.0997011391512,15.76,0.999999999995158,-0.12053544298361932,15.84
4,1.0,0.06202118410625546,0.02086775221496815,0.039342848771371175,0.060441538661711085,0.020908010911915735,0.0008847754391150612,1478.1772991707185,1813.9135043032418,14.920000000000002,0.9999999999977158,-0.1129269839130545,15.13
5,1.1,0.0662633991614029,0.026950877487758516,0.03755269591404483,0.05684270246673202,0.020881388650599884,0.0009022512109769334,1456.116245930902,1788.0459131463049,14.280000000000001,0.9999999999985572,-0.11262858435791764,15.02
6,1.2,0.07026868199272561,0.03281776653361521,0.03571035399322627,0.05302186269511393,0.021003330165429098,0.000921294522340141,1439.915262048828,1762.4908836417337,13.780000000000001,0.9999999999989106,-0.11302955809133,17.11
7,1.3000000000000003,0.07405634272972031,0.03843589365005916,0.0338671366349423,0.049140468899230946,0.021215262844724584,0.0009414824857342055,1427.4972302889532,1736.717288440954,13.38,0.9999999999990723,-0.11180598898963556,510.0
8,1.3999999999999995,0.07764364861664726,0.043801603592667444,0.032051852854250995,0.04528336255251658,0.02148176702318521,0.0009624959454292781,1417.6906094473982,1710.4102413537125,13.05,0.9999999999991382,-0.11104124818722277,510.0
9,1.6000000000000005,0.08427758988601222,0.0535596649090229,0.02875676970949704,0.038202493652245546,0.022091612292350044,0.0010060169895761834,1403.4705940437238,1658.1400522717956,12.560000000000002,0.9999999999991186,-0.1091142931350722,510.0
10,1.7999999999999998,0.09027684884714632,0.06288596634284761,0.025339966383347005,0.030886895837094593,0.022712097926462792,0.0010501786448516596,1392.39064687284,1600.442974432015,12.220000000000002,0.9999999999989303,-0.10589445221691196,510.0
11,2.0,0.09572834938139431,0.07094575601509591,0.02261337069507434,0.02502795255365842,0.023190452748166713,0.0010922513262996772,1382.2984659466006,1549.5144281350197,11.96,0.9999999999987196,-0.10147360296394181,510.0
12,2.2,0.10070383531597825,0.07850119633541672,0.020152857345017917,0.019866233400986113,0.02336339279527988,0.0011285476503031598,1368.8097022302493,1499.4636029113074,11.750000000000002,0.9999999999986748,-0.09875840164833283,510.0
13,2.4,0.10526304553491962,0.08509106841185636,0.018326936053886616,0.016209693749458236,0.023214970394603646,0.0011584522025693289,1351.5442796303043,1456.016195315927,11.580000000000002,0.9999999999989286,-0.09653604304107749,510.0
14,2.6,0.10945612414928066,0.0908909554046606,0.016913120740822185,0.013641191493781828,0.02283417080333622,0.0011834496360550546,1331.0102628650702,1417.235554409792,11.45,0.9999999999992905,-0.09350419330772797,510.0
